,VendorNumber,VendorName
0,10,"a hardy / u.s.a., ltd."
2,14,"adamba imports int'l, inc."
3,27,anheuser-busch/longtail libations
4,33,bmc imports
5,35,bacardi usa inc
7,51,barrel house distilling co.
8,55,sazerac north america
9,61,"biagio cru and estate wines, llc"
10,65,jim beam brands
11,68,"belmont farms of va., inc"
12,69,bendistillery
13,79,breckenridge distillery
15,80,boston beer company
16,82,buzzbox beverages
17,85,brown forman corp.
19,86,broadbent distillery
21,89,temperance distiling company
22,90,carriage house imports
24,91,castle brands
25,100,aiko importers inc
26,101,artisan grain distillery
27,102,broadslab distillery
28,104,"asdspirits, llc"
29,107,blaum bros. distilling co.
31,108,cvi brands
33,109,casa 1921 llc
34,110,3 badge corporation
36,111,better brands bev co
37,112,american vintage beverage
38,113,campari
39,114,aha toro spirits inc
41,115,"constellation wine company, inc."
43,116,bad bear enterprises llc
46,118,american spirits exchange
47,119,breuckelen distilling
48,121,cooper spirits international
50,122,cooper's chase distillery
51,125,cedar ridge vineyards ll
53,127,classic wine imports
54,128,clear creek distillery
55,130,disaronno international
57,136,high west distillery
59,137,itsko imports inc
60,138,bom dia imports llc
61,140,"iconic brands, inc."
62,143,dakota spirits distillery
63,146,lloyd caruso llc
64,150,dreyfus ashby
66,154,dunkel corporation / iowa distilling
69,155,domaine charbay
70,156,domaine select
72,158,dry fly distilling
73,160,drinks americas
74,161,"dorado, pizzorni & sons, llc"
75,163,marsalle company
77,164,45th parallel spirits
78,166,swiss cellars
79,184,four roses distillery
80,185,"evaton, inc."
81,187,koval distillery
82,190,firestarter spirits inc.
83,191,journeyman distillery llc
84,192,"mast-jagermeister us, inc"
88,194,fire tail brands llc
89,195,swell liquor llc
90,196,philly's premium beverages llc
91,197,national brokers
92,198,frank-lin distillers products ltd.
94,203,honey creek distillery
95,204,hillrock estate distillery
97,205,e & j gallo winery
99,206,panther distillery
100,207,paradise distilling company
101,208,prost beverage company
102,209,minhas micro distillery
103,210,three rangers
104,211,lapham import co
105,212,shand import llc
106,214,goamericago beverages llc / whistlepig
110,215,"3-oaks distillery, llc"
111,216,rumcoqui and co
112,217,misa imports inc
113,220,black dirt distillery
114,223,spirit of hartford
115,224,ste. michelle wine estates
117,226,"madikwe usa, inc."
119,227,royal world spirits
120,229,dehner distillery
121,231,rs lipman company llc
122,232,driftless glen distillery
123,233,wild agave imports llc
124,234,eastside distilling
125,235,demerara distillers (usa) inc.
126,239,russian standard vodka
128,240,william grant & sons inc
130,244,dilawri barrels llc
132,246,louisville distilling co
133,249,caribbean spirits inc
134,250,homestead american whiskey
135,251,h a p llc
136,252,leatherbee distillers
137,254,ransom spirits llc
138,255,infinium spirits
141,256,haas brothers
142,258,purple valley imports
144,259,heaven hill brands
145,260,diageo americas
146,261,grand prix beverage llc
147,263,"high west distillery, llc"
148,266,edrington group usa llc
149,267,"imperial brands, inc."
151,268,impex beverage inc
153,269,vbj beverages llc
154,270,"international beverage co., inc."
155,273,hawaii sea spirits llc
156,274,"boffo brands, llc"
157,277,stoli group
158,278,intersect beverage llc
159,279,topa spirits
161,280,macchu pisco llc
162,281,pittsburgh distilling company llc
163,282,indio spirits inc
164,283,best case wines llc
165,284,charles jacquin/independent spirits
166,285,charles jacquin et cie
168,287,chatham imports inc
170,288,kindred spirits of north america
172,290,koenig distillery inc
173,293,jinro america inc
175,294,jesse james distilling company
178,295,kobrand corporation
180,297,laird & company
182,298,"white rock distilleries, inc."
183,300,mccormick distilling co.
185,301,fifth generation inc
187,305,mhw ltd
188,306,mississippi river distil
191,307,liquor group wholesale
192,308,mango bottling
194,310,stoller warehouse
197,311,modern spirits
200,312,"klin spirits, llc"
202,313,vision wine & spirit llc
204,315,patriarch distillers llc / soldier valley spirits
206,317,"new holland brewing company, llc"
207,318,rj importers llc
208,322,prestige wine & spirits group
211,324,thome enterprises llc
212,325,lonely oak distillery
213,329,baron nahmias inc
214,330,gemini spirits
215,333,copper & kings american brandy company
216,334,des moines imports
217,336,maverick spirit llc / oregon spirit distillers
219,337,flemish lion llc
220,338,niche import co
223,341,prichards distillery inc
224,342,dv spirits llc
225,343,pacific edge wine & spirits
227,346,ole smoky distillery llc
231,348,"drum circle distilling, llc"
232,349,doc herson's natural spirits
233,350,luxco-cleveland
234,351,"tattersall companies, llc"
235,353,"john ernest distillery, inc."
236,355,park street-g'day
237,356,park street imports-high stick vodka
238,357,"palm bay imports, inc."
240,358,park street imports-philadelphia dis
241,359,park street imports-duke spirits
242,361,park street imports-sweet revenge
243,363,paterno imports ltd / terlato wines international
246,365,park street imports-voli
247,367,park street imports-house spirits
248,368,park street imports
249,369,park street imports- caballeros
250,370,pernod ricard usa
252,372,park street imports-tanteo
253,373,prairie creek beverages llc
254,374,park street imports-few spirits
255,375,park street imports-berentzen
256,376,sage beverages
257,377,park street imports-veev
258,379,square one organic spirits
259,380,phillips beverage
261,381,windy hill spirits
262,384,piedmont distillers
264,386,"phenix brands, llc"
265,389,remy cointreau usa inc
268,390,quadro group llc
269,391,hotaling & co
273,394,black rock spirits
274,395,proximo
275,397,valentine distilling co.
276,398,grand teton distillery
277,399,rogue ales and spirits
279,402,oz spirits llc
280,407,royal wine corporation
281,408,mexcor inc.
282,410,the patron spirits company
284,411,"san luis spirits, inc."
285,413,santa fe tequila company
286,414,san bartolo farms inc.
287,415,koloa rum company
288,418,gunsandmore.info
290,420,moet hennessy usa
292,421,sazerac company  inc
294,422,mach flynt inc.
295,423,inter wines group
296,425,rebecca creek distillery llc
297,426,mile high spirits llc
298,428,"traverse city whiskey co / tcwc, llc"
300,431,drink dogg alcohol imports
301,432,seashore marketing group
302,434,luxco inc
304,435,tierra madre llc
305,436,the house of burgundy inc
306,437,opici import company
307,439,world trade liquor imports llc
308,442,"o&r ventures, llc"
309,443,eastern liquors usa
310,446,stephen augustus imports
311,447,stern beverage
312,448,st george spirits inc
314,451,serralles usa
315,452,"speakeasy spirits, llc"
317,454,saloon spirits llc
318,456,spirit imports inc
320,459,surville enterprises corp
321,460,shaw-ross international
323,461,campari(skyy)
325,462,tanteo tequila
326,463,the country vintner
327,465,stanley stawski distributing co.
328,468,"ti beverage group, ltd"
329,469,davos brands llc
332,470,headframe spirits
333,472,"tequilas premium, inc"
334,473,churchill vineyards
335,475,spirits of the usa
336,476,north texas distillery
337,477,vino.com dba total beverage solution
340,478,trinchero family estates
343,479,vin divino ltd
345,481,sugarlands distilling company llc
346,482,"sovereign brands, llc"
348,483,the wine group
349,485,bacmar international
350,486,van gogh imports
351,487,wine intelligence
352,488,vital beverages
353,491,old sugar distillery
354,492,western spirits beverage
356,493,j & d wines inc / wooler brands
357,495,"m.s. walker, inc."
359,496,willett distillery
360,497,fredrick wildman & son
362,501,"winebow, inc."
364,502,vodquila llc
365,503,"whyte and machay(americas) limited,l"
366,504,woody creek distillers
367,505,charbay distillers llc
368,506,strong spirits distilling
369,507,"firestone & robertson distilling company, llc"
370,510,mason dixon spirits llc
371,511,kings county distillery
373,512,one eight distilling llc
374,513,"caribbean distillers, llc"
375,515,hemingway rum company llc
376,516,hexa partners lp
377,519,colorado gold distillery
378,520,local choice inc
379,521,jem beverage company
381,522,10th mountain whiskey & spirit company
382,523,rock town distillery
383,524,veriano fine foods & spirits ltd
384,525,cats eye distillery
385,528,phusion projects llc
386,531,trinity river distillery llc
387,536,old elk distilleries llc
388,537,"global spirits usa, llc"
389,538,"southwest spirits & wine, llc"
390,539,gargoyle enterprises / laws whiskey house
391,540,meisenburg brewing & distilling
392,543,"pennsylvania pure distilleries, llc"
393,545,cns imports; four seasons trading; cns wine & spirits
394,547,fetzer vineyards
395,548,southern italy imports
396,549,"green frog distillery, llc"
397,552,"restless spirits distilling company, llc"
398,553,caffo beverages inc
399,554,heritage distilling company
400,555,van brunt stillhouse
401,556,boot hill distillery llc
402,557,"worldwide libations, llc"
403,558,altamar brands llc
404,559,"mid-oak distillery, inc."
405,560,heavenly spirits llc
406,561,doc brown enterprises
407,564,jacob rieger & company llc
408,565,famous brands
409,566,"foundry distilling company, llc"
410,567,latasi group
411,569,stillworks llc
412,573,templeton distilling llc
413,574,caledonia spirits
414,575,two sons imports llc
415,577,b. t. o. distillers llc
416,578,s&b farms distillery
418,580,mara imports
419,582,jackson hole still works
420,583,"usa wine west, llc"
421,584,bluff creek distillery
422,585,mutual wholesale liquor inc
423,586,gray duck spirits llc
424,589,premier distributors llc
425,591,richland distilling company llc
426,592,"black sea imports, inc"
427,594,"american heritage distillers, llc / century farms distillery"
429,600,luxe vintages llc
430,602,keepers quest inc
431,603,st. louis distillery llc
432,606,savage & cooke / santa croce llc
433,607,"suro international importers, inc"
434,608,wilderness trail distillery
435,609,vikre distillery
436,611,"global beverage team, llc"
437,614,"distillers way, llc"
438,617,midwest liquor company
439,618,hpsepicurean llc / preiss imports
440,619,campari america
441,620,mpl brands nv inc/ patco brands
443,621,norden spirits llc
444,622,us stone castle imports llc
445,623,united spirits inc
446,624,mountain laurel spirits llc
447,625,middle west spirits
448,626,jdso inc / red boot distillery
450,629,"vintage wine estates, inc"
451,631,"splinter group napa, llc"
452,633,tenn south distillery / big machine distillery
453,634,"sagamore whiskey, llc"
454,636,azzurre spirits
455,638,dc beverage llc
456,641,ch distillery / 773 llc
458,642,"james joseph sanctified spirits, llc / oak&eden"
459,643,coup de foudre llc
460,644,dogtown distilling / wright & brown distilling co
461,645,rocky top investments / rock river distillation
462,646,pyatt enterprises llc
463,647,glass revolution imports
464,649,modern matriarch
465,650,highclere castle spirits
466,654,revelton distilling company
467,655,"central standard, llc"
468,656,"puente international, inc."
469,657,be in good spirits llc / frankly organic vodka
470,659,"bucktown distilling co., llc / artisan grain distillery"
471,661,bedford & grove llc/ chankaska creek and ranch winery
472,662,ia-native spirits
473,664,"rush creek distilling, llc"
474,665,iztok llc / yebiga
475,666,"northwest natural spirits, llc / cascade spirits"
476,671,"seven jars distillery, llc"
477,673,international trade one corp
478,675,cutwater spirits llc
479,677,durham distillery
480,684,woody creek distillers llc
481,685,"minglewood distilling company, llc"
482,686,allegheny distilling llc
483,688,country smooth spirits
484,690,tom's town distilling co
485,694,chuckanut bay distillery
486,698,"sion farm distillery / twin city island spirits, inc"
487,699,bull run distillery llc
488,702,egghead too llc/ are concepts
489,705,"valhalla imports, llc"
490,706,"cowboy country distilling, inc."
491,710,"serendipity wines, llc"
492,712,"blackbird spirits, llc / dr. stoners herb infused spirits"
493,714,"nestor imports, inc."
494,727,benchmark beverage company llc
495,731,callisto spirits company
496,734,"elixir, inc."
497,736,california tequila inc
498,742,wildcat products llc
499,745,stumpys spirits co
500,747,green river distilling company
501,749,graybeard distillery inc
502,751,da due compliance and logistics
503,752,copper still distillery
504,753,"tycoga vineyard & winery, llc"
505,754,casa 1921 llc
506,755,winesource international inc.
507,758,deluxe wine & spirits co / moldova deluxe
508,764,soda jerk llc
509,766,"hamilton distillers group, inc"
510,768,latitude beverage company
511,770,"santa fe distillery, llc"
512,772,intercontinental packaging company/prestige beverage group
513,775,"bonavita beverage group, llc"
514,777,"blue ox spirits, inc."
515,778,"lonz winery, llc / erie beverage solutions"
516,779,boveda reserve distribution llc
517,780,clear water distilling co
518,781,big derby distilling company
519,783,citadel beverages
520,785,maison ferrand usa
521,786,bottle tree beverage company llc / cathead distillery
522,789,sarge's spirits llc
523,792,river valley orchards & winery
524,793,ceo distilling llc
525,796,173 craft distillery
526,797,una familia spirits llc
527,803,levecke corporation
530,804,sc distillation llc / village garage distillery
531,885,"yahara bay distillers, inc"
533,886,georgetown trading co. llc / james pepper distilling co.
535,888,"trust me vodka, inc."
536,890,victory global llc / brough brothers distillery
537,892,"chacho spirits / zj liquors, llc"
538,962,duggans distillers
540,969,aveniu brands
542,971,"hood river distillers, inc."
544,977,"werner distilling, llc"
546,978,w j deutsch & sons ltd
548,987,"stellar importing company, llc"
